PATH,FILENAME,EXTENSION,LINES OF CODE
D:\projects\Relativity\Git Clone\ASPNET-WebAPI-Sample,.gitattributes,gitattributes,0
D:\projects\Relativity\Git Clone\ASPNET-WebAPI-Sample,.gitignore,gitignore,0
D:\projects\Relativity\Git Clone\ASPNET-WebAPI-Sample,README.md,md,0
D:\projects\Relativity\Git Clone\ASPNET-WebAPI-Sample,SampleWebApi.sln,sln,0
D:\projects\Relativity\Git Clone\ASPNET-WebAPI-Sample\.git,config,config,0
D:\projects\Relativity\Git Clone\ASPNET-WebAPI-Sample\.git,description,description,0
D:\projects\Relativity\Git Clone\ASPNET-WebAPI-Sample\.git,HEAD,HEAD,0
D:\projects\Relativity\Git Clone\ASPNET-WebAPI-Sample\.git,index,index,0
D:\projects\Relativity\Git Clone\ASPNET-WebAPI-Sample\.git,ms-persist.xml,xml,7
D:\projects\Relativity\Git Clone\ASPNET-WebAPI-Sample\.git,packed-refs,packed-refs,0
D:\projects\Relativity\Git Clone\ASPNET-WebAPI-Sample\.git\hooks,applypatch-msg.sample,sample,0
D:\projects\Relativity\Git Clone\ASPNET-WebAPI-Sample\.git\hooks,commit-msg.sample,sample,0
D:\projects\Relativity\Git Clone\ASPNET-WebAPI-Sample\.git\hooks,fsmonitor-watchman.sample,sample,0
D:\projects\Relativity\Git Clone\ASPNET-WebAPI-Sample\.git\hooks,post-update.sample,sample,0
D:\projects\Relativity\Git Clone\ASPNET-WebAPI-Sample\.git\hooks,pre-applypatch.sample,sample,0
D:\projects\Relativity\Git Clone\ASPNET-WebAPI-Sample\.git\hooks,pre-commit.sample,sample,0
D:\projects\Relativity\Git Clone\ASPNET-WebAPI-Sample\.git\hooks,pre-merge-commit.sample,sample,0
D:\projects\Relativity\Git Clone\ASPNET-WebAPI-Sample\.git\hooks,pre-push.sample,sample,0
D:\projects\Relativity\Git Clone\ASPNET-WebAPI-Sample\.git\hooks,pre-rebase.sample,sample,0
D:\projects\Relativity\Git Clone\ASPNET-WebAPI-Sample\.git\hooks,pre-receive.sample,sample,0
D:\projects\Relativity\Git Clone\ASPNET-WebAPI-Sample\.git\hooks,prepare-commit-msg.sample,sample,0
D:\projects\Relativity\Git Clone\ASPNET-WebAPI-Sample\.git\hooks,push-to-checkout.sample,sample,0
D:\projects\Relativity\Git Clone\ASPNET-WebAPI-Sample\.git\hooks,update.sample,sample,0
D:\projects\Relativity\Git Clone\ASPNET-WebAPI-Sample\.git\info,exclude,exclude,0
D:\projects\Relativity\Git Clone\ASPNET-WebAPI-Sample\.git\logs,HEAD,HEAD,0
D:\projects\Relativity\Git Clone\ASPNET-WebAPI-Sample\.git\logs\refs\heads,dotnet6,dotnet6,0
D:\projects\Relativity\Git Clone\ASPNET-WebAPI-Sample\.git\logs\refs\heads,master,master,0
D:\projects\Relativity\Git Clone\ASPNET-WebAPI-Sample\.git\logs\refs\remotes\origin,HEAD,HEAD,0
D:\projects\Relativity\Git Clone\ASPNET-WebAPI-Sample\.git\objects\pack,pack-8d9dae065b10817a83aef4469e85dc0c6605b0b5.idx,idx,0
D:\projects\Relativity\Git Clone\ASPNET-WebAPI-Sample\.git\objects\pack,pack-8d9dae065b10817a83aef4469e85dc0c6605b0b5.pack,pack,0
D:\projects\Relativity\Git Clone\ASPNET-WebAPI-Sample\.git\refs\heads,dotnet6,dotnet6,0
D:\projects\Relativity\Git Clone\ASPNET-WebAPI-Sample\.git\refs\heads,master,master,0
D:\projects\Relativity\Git Clone\ASPNET-WebAPI-Sample\.git\refs\remotes\origin,HEAD,HEAD,0
D:\projects\Relativity\Git Clone\ASPNET-WebAPI-Sample\.vs\SampleWebApi\config,applicationhost.config,config,1024
D:\projects\Relativity\Git Clone\ASPNET-WebAPI-Sample\.vs\SampleWebApi\FileContentIndex,fea73a75-7e6f-46a1-a7c1-8c2196fe64f9.vsidx,vsidx,0
D:\projects\Relativity\Git Clone\ASPNET-WebAPI-Sample\.vs\SampleWebApi\FileContentIndex,read.lock,lock,0
D:\projects\Relativity\Git Clone\ASPNET-WebAPI-Sample\.vs\SampleWebApi\v17,.suo,suo,0
D:\projects\Relativity\Git Clone\ASPNET-WebAPI-Sample\packages\Microsoft.AspNet.WebApi.5.2.9,.signature.p7s,p7s,0
D:\projects\Relativity\Git Clone\ASPNET-WebAPI-Sample\packages\Microsoft.AspNet.WebApi.5.2.9,Microsoft.AspNet.WebApi.5.2.9.nupkg,nupkg,0
D:\projects\Relativity\Git Clone\ASPNET-WebAPI-Sample\packages\Microsoft.AspNet.WebApi.5.2.9,NET.icon.png,png,0
D:\projects\Relativity\Git Clone\ASPNET-WebAPI-Sample\packages\Microsoft.AspNet.WebApi.5.2.9,NET_Library_EULA_ENU.txt,txt,127
D:\projects\Relativity\Git Clone\ASPNET-WebAPI-Sample\packages\Microsoft.AspNet.WebApi.Client.5.2.9,.signature.p7s,p7s,0
D:\projects\Relativity\Git Clone\ASPNET-WebAPI-Sample\packages\Microsoft.AspNet.WebApi.Client.5.2.9,Microsoft.AspNet.WebApi.Client.5.2.9.nupkg,nupkg,0
D:\projects\Relativity\Git Clone\ASPNET-WebAPI-Sample\packages\Microsoft.AspNet.WebApi.Client.5.2.9,NET.icon.png,png,0
D:\projects\Relativity\Git Clone\ASPNET-WebAPI-Sample\packages\Microsoft.AspNet.WebApi.Client.5.2.9,NET_Library_EULA_ENU.txt,txt,127
D:\projects\Relativity\Git Clone\ASPNET-WebAPI-Sample\packages\Microsoft.AspNet.WebApi.Client.5.2.9\lib\net45,System.Net.Http.Formatting.dll,dll,0
D:\projects\Relativity\Git Clone\ASPNET-WebAPI-Sample\packages\Microsoft.AspNet.WebApi.Client.5.2.9\lib\net45,System.Net.Http.Formatting.xml,xml,2094
D:\projects\Relativity\Git Clone\ASPNET-WebAPI-Sample\packages\Microsoft.AspNet.WebApi.Client.5.2.9\lib\netstandard2.0,System.Net.Http.Formatting.dll,dll,0
D:\projects\Relativity\Git Clone\ASPNET-WebAPI-Sample\packages\Microsoft.AspNet.WebApi.Client.5.2.9\lib\netstandard2.0,System.Net.Http.Formatting.xml,xml,4025
D:\projects\Relativity\Git Clone\ASPNET-WebAPI-Sample\packages\Microsoft.AspNet.WebApi.Client.5.2.9\lib\portable-wp8+netcore45+net45+wp81+wpa81,System.Net.Http.Formatting.dll,dll,0
D:\projects\Relativity\Git Clone\ASPNET-WebAPI-Sample\packages\Microsoft.AspNet.WebApi.Client.5.2.9\lib\portable-wp8+netcore45+net45+wp81+wpa81,System.Net.Http.Formatting.xml,xml,4025
D:\projects\Relativity\Git Clone\ASPNET-WebAPI-Sample\packages\Microsoft.AspNet.WebApi.Core.5.2.9,.signature.p7s,p7s,0
D:\projects\Relativity\Git Clone\ASPNET-WebAPI-Sample\packages\Microsoft.AspNet.WebApi.Core.5.2.9,Microsoft.AspNet.WebApi.Core.5.2.9.nupkg,nupkg,0
D:\projects\Relativity\Git Clone\ASPNET-WebAPI-Sample\packages\Microsoft.AspNet.WebApi.Core.5.2.9,NET.icon.png,png,0
D:\projects\Relativity\Git Clone\ASPNET-WebAPI-Sample\packages\Microsoft.AspNet.WebApi.Core.5.2.9,NET_Library_EULA_ENU.txt,txt,127
D:\projects\Relativity\Git Clone\ASPNET-WebAPI-Sample\packages\Microsoft.AspNet.WebApi.Core.5.2.9\Content,web.config.transform,transform,0
D:\projects\Relativity\Git Clone\ASPNET-WebAPI-Sample\packages\Microsoft.AspNet.WebApi.Core.5.2.9\lib\net45,System.Web.Http.dll,dll,0
D:\projects\Relativity\Git Clone\ASPNET-WebAPI-Sample\packages\Microsoft.AspNet.WebApi.Core.5.2.9\lib\net45,System.Web.Http.xml,xml,6664
D:\projects\Relativity\Git Clone\ASPNET-WebAPI-Sample\packages\Microsoft.AspNet.WebApi.OData.5.7.0,.signature.p7s,p7s,0
D:\projects\Relativity\Git Clone\ASPNET-WebAPI-Sample\packages\Microsoft.AspNet.WebApi.OData.5.7.0,Microsoft.AspNet.WebApi.OData.5.7.0.nupkg,nupkg,0
D:\projects\Relativity\Git Clone\ASPNET-WebAPI-Sample\packages\Microsoft.AspNet.WebApi.OData.5.7.0\lib\net45,System.Web.Http.OData.dll,dll,0
D:\projects\Relativity\Git Clone\ASPNET-WebAPI-Sample\packages\Microsoft.AspNet.WebApi.OData.5.7.0\lib\net45,System.Web.Http.OData.xml,xml,5023
D:\projects\Relativity\Git Clone\ASPNET-WebAPI-Sample\packages\Microsoft.AspNet.WebApi.Owin.5.2.9,.signature.p7s,p7s,0
D:\projects\Relativity\Git Clone\ASPNET-WebAPI-Sample\packages\Microsoft.AspNet.WebApi.Owin.5.2.9,Microsoft.AspNet.WebApi.Owin.5.2.9.nupkg,nupkg,0
D:\projects\Relativity\Git Clone\ASPNET-WebAPI-Sample\packages\Microsoft.AspNet.WebApi.Owin.5.2.9,NET.icon.png,png,0
D:\projects\Relativity\Git Clone\ASPNET-WebAPI-Sample\packages\Microsoft.AspNet.WebApi.Owin.5.2.9,NET_Library_EULA_ENU.txt,txt,127
D:\projects\Relativity\Git Clone\ASPNET-WebAPI-Sample\packages\Microsoft.AspNet.WebApi.Owin.5.2.9\lib\net45,System.Web.Http.Owin.dll,dll,0
D:\projects\Relativity\Git Clone\ASPNET-WebAPI-Sample\packages\Microsoft.AspNet.WebApi.Owin.5.2.9\lib\net45,System.Web.Http.Owin.xml,xml,195
D:\projects\Relativity\Git Clone\ASPNET-WebAPI-Sample\packages\Microsoft.AspNet.WebApi.WebHost.5.2.9,.signature.p7s,p7s,0
D:\projects\Relativity\Git Clone\ASPNET-WebAPI-Sample\packages\Microsoft.AspNet.WebApi.WebHost.5.2.9,Microsoft.AspNet.WebApi.WebHost.5.2.9.nupkg,nupkg,0
D:\projects\Relativity\Git Clone\ASPNET-WebAPI-Sample\packages\Microsoft.AspNet.WebApi.WebHost.5.2.9,NET.icon.png,png,0
D:\projects\Relativity\Git Clone\ASPNET-WebAPI-Sample\packages\Microsoft.AspNet.WebApi.WebHost.5.2.9,NET_Library_EULA_ENU.txt,txt,127
D:\projects\Relativity\Git Clone\ASPNET-WebAPI-Sample\packages\Microsoft.AspNet.WebApi.WebHost.5.2.9\lib\net45,System.Web.Http.WebHost.dll,dll,0
D:\projects\Relativity\Git Clone\ASPNET-WebAPI-Sample\packages\Microsoft.AspNet.WebApi.WebHost.5.2.9\lib\net45,System.Web.Http.WebHost.xml,xml,135
D:\projects\Relativity\Git Clone\ASPNET-WebAPI-Sample\packages\Microsoft.Data.Edm.5.8.5,.signature.p7s,p7s,0
D:\projects\Relativity\Git Clone\ASPNET-WebAPI-Sample\packages\Microsoft.Data.Edm.5.8.5,Microsoft.Data.Edm.5.8.5.nupkg,nupkg,0
D:\projects\Relativity\Git Clone\ASPNET-WebAPI-Sample\packages\Microsoft.Data.Edm.5.8.5\lib\net40,Microsoft.Data.Edm.dll,dll,0
D:\projects\Relativity\Git Clone\ASPNET-WebAPI-Sample\packages\Microsoft.Data.Edm.5.8.5\lib\net40,Microsoft.Data.Edm.xml,xml,11534
D:\projects\Relativity\Git Clone\ASPNET-WebAPI-Sample\packages\Microsoft.Data.Edm.5.8.5\lib\net40\de,Microsoft.Data.Edm.resources.dll,dll,0
D:\projects\Relativity\Git Clone\ASPNET-WebAPI-Sample\packages\Microsoft.Data.Edm.5.8.5\lib\net40\es,Microsoft.Data.Edm.resources.dll,dll,0
D:\projects\Relativity\Git Clone\ASPNET-WebAPI-Sample\packages\Microsoft.Data.Edm.5.8.5\lib\net40\fr,Microsoft.Data.Edm.resources.dll,dll,0
D:\projects\Relativity\Git Clone\ASPNET-WebAPI-Sample\packages\Microsoft.Data.Edm.5.8.5\lib\net40\it,Microsoft.Data.Edm.resources.dll,dll,0
D:\projects\Relativity\Git Clone\ASPNET-WebAPI-Sample\packages\Microsoft.Data.Edm.5.8.5\lib\net40\ja,Microsoft.Data.Edm.resources.dll,dll,0
D:\projects\Relativity\Git Clone\ASPNET-WebAPI-Sample\packages\Microsoft.Data.Edm.5.8.5\lib\net40\ko,Microsoft.Data.Edm.resources.dll,dll,0
D:\projects\Relativity\Git Clone\ASPNET-WebAPI-Sample\packages\Microsoft.Data.Edm.5.8.5\lib\net40\ru,Microsoft.Data.Edm.resources.dll,dll,0
D:\projects\Relativity\Git Clone\ASPNET-WebAPI-Sample\packages\Microsoft.Data.Edm.5.8.5\lib\net40\zh-Hans,Microsoft.Data.Edm.resources.dll,dll,0
D:\projects\Relativity\Git Clone\ASPNET-WebAPI-Sample\packages\Microsoft.Data.Edm.5.8.5\lib\net40\zh-Hant,Microsoft.Data.Edm.resources.dll,dll,0
D:\projects\Relativity\Git Clone\ASPNET-WebAPI-Sample\packages\Microsoft.Data.Edm.5.8.5\lib\netstandard1.1,Microsoft.Data.Edm.dll,dll,0
D:\projects\Relativity\Git Clone\ASPNET-WebAPI-Sample\packages\Microsoft.Data.Edm.5.8.5\lib\netstandard1.1,Microsoft.Data.Edm.xml,xml,11876
D:\projects\Relativity\Git Clone\ASPNET-WebAPI-Sample\packages\Microsoft.Data.Edm.5.8.5\lib\netstandard1.1\de,Microsoft.Data.Edm.resources.dll,dll,0
D:\projects\Relativity\Git Clone\ASPNET-WebAPI-Sample\packages\Microsoft.Data.Edm.5.8.5\lib\netstandard1.1\es,Microsoft.Data.Edm.resources.dll,dll,0
D:\projects\Relativity\Git Clone\ASPNET-WebAPI-Sample\packages\Microsoft.Data.Edm.5.8.5\lib\netstandard1.1\fr,Microsoft.Data.Edm.resources.dll,dll,0
D:\projects\Relativity\Git Clone\ASPNET-WebAPI-Sample\packages\Microsoft.Data.Edm.5.8.5\lib\netstandard1.1\it,Microsoft.Data.Edm.resources.dll,dll,0
D:\projects\Relativity\Git Clone\ASPNET-WebAPI-Sample\packages\Microsoft.Data.Edm.5.8.5\lib\netstandard1.1\ja,Microsoft.Data.Edm.resources.dll,dll,0
D:\projects\Relativity\Git Clone\ASPNET-WebAPI-Sample\packages\Microsoft.Data.Edm.5.8.5\lib\netstandard1.1\ko,Microsoft.Data.Edm.resources.dll,dll,0
D:\projects\Relativity\Git Clone\ASPNET-WebAPI-Sample\packages\Microsoft.Data.Edm.5.8.5\lib\netstandard1.1\ru,Microsoft.Data.Edm.resources.dll,dll,0
D:\projects\Relativity\Git Clone\ASPNET-WebAPI-Sample\packages\Microsoft.Data.Edm.5.8.5\lib\netstandard1.1\zh-Hans,Microsoft.Data.Edm.resources.dll,dll,0
D:\projects\Relativity\Git Clone\ASPNET-WebAPI-Sample\packages\Microsoft.Data.Edm.5.8.5\lib\netstandard1.1\zh-Hant,Microsoft.Data.Edm.resources.dll,dll,0
D:\projects\Relativity\Git Clone\ASPNET-WebAPI-Sample\packages\Microsoft.Data.Edm.5.8.5\lib\portable-net40+sl5+wp8+win8+wpa,Microsoft.Data.Edm.dll,dll,0
D:\projects\Relativity\Git Clone\ASPNET-WebAPI-Sample\packages\Microsoft.Data.Edm.5.8.5\lib\portable-net40+sl5+wp8+win8+wpa,Microsoft.Data.Edm.xml,xml,11540
D:\projects\Relativity\Git Clone\ASPNET-WebAPI-Sample\packages\Microsoft.Data.Edm.5.8.5\lib\portable-net40+sl5+wp8+win8+wpa\de,Microsoft.Data.Edm.resources.dll,dll,0
D:\projects\Relativity\Git Clone\ASPNET-WebAPI-Sample\packages\Microsoft.Data.Edm.5.8.5\lib\portable-net40+sl5+wp8+win8+wpa\es,Microsoft.Data.Edm.resources.dll,dll,0
D:\projects\Relativity\Git Clone\ASPNET-WebAPI-Sample\packages\Microsoft.Data.Edm.5.8.5\lib\portable-net40+sl5+wp8+win8+wpa\fr,Microsoft.Data.Edm.resources.dll,dll,0
D:\projects\Relativity\Git Clone\ASPNET-WebAPI-Sample\packages\Microsoft.Data.Edm.5.8.5\lib\portable-net40+sl5+wp8+win8+wpa\it,Microsoft.Data.Edm.resources.dll,dll,0
D:\projects\Relativity\Git Clone\ASPNET-WebAPI-Sample\packages\Microsoft.Data.Edm.5.8.5\lib\portable-net40+sl5+wp8+win8+wpa\ja,Microsoft.Data.Edm.resources.dll,dll,0
D:\projects\Relativity\Git Clone\ASPNET-WebAPI-Sample\packages\Microsoft.Data.Edm.5.8.5\lib\portable-net40+sl5+wp8+win8+wpa\ko,Microsoft.Data.Edm.resources.dll,dll,0
D:\projects\Relativity\Git Clone\ASPNET-WebAPI-Sample\packages\Microsoft.Data.Edm.5.8.5\lib\portable-net40+sl5+wp8+win8+wpa\ru,Microsoft.Data.Edm.resources.dll,dll,0
D:\projects\Relativity\Git Clone\ASPNET-WebAPI-Sample\packages\Microsoft.Data.Edm.5.8.5\lib\portable-net40+sl5+wp8+win8+wpa\zh-Hans,Microsoft.Data.Edm.resources.dll,dll,0
D:\projects\Relativity\Git Clone\ASPNET-WebAPI-Sample\packages\Microsoft.Data.Edm.5.8.5\lib\portable-net40+sl5+wp8+win8+wpa\zh-Hant,Microsoft.Data.Edm.resources.dll,dll,0
D:\projects\Relativity\Git Clone\ASPNET-WebAPI-Sample\packages\Microsoft.Data.Edm.5.8.5\lib\portable-net45+wp8+win8+wpa,Microsoft.Data.Edm.dll,dll,0
D:\projects\Relativity\Git Clone\ASPNET-WebAPI-Sample\packages\Microsoft.Data.Edm.5.8.5\lib\portable-net45+wp8+win8+wpa,Microsoft.Data.Edm.xml,xml,11876
D:\projects\Relativity\Git Clone\ASPNET-WebAPI-Sample\packages\Microsoft.Data.Edm.5.8.5\lib\portable-net45+wp8+win8+wpa\de,Microsoft.Data.Edm.resources.dll,dll,0
D:\projects\Relativity\Git Clone\ASPNET-WebAPI-Sample\packages\Microsoft.Data.Edm.5.8.5\lib\portable-net45+wp8+win8+wpa\es,Microsoft.Data.Edm.resources.dll,dll,0
D:\projects\Relativity\Git Clone\ASPNET-WebAPI-Sample\packages\Microsoft.Data.Edm.5.8.5\lib\portable-net45+wp8+win8+wpa\fr,Microsoft.Data.Edm.resources.dll,dll,0
D:\projects\Relativity\Git Clone\ASPNET-WebAPI-Sample\packages\Microsoft.Data.Edm.5.8.5\lib\portable-net45+wp8+win8+wpa\it,Microsoft.Data.Edm.resources.dll,dll,0
D:\projects\Relativity\Git Clone\ASPNET-WebAPI-Sample\packages\Microsoft.Data.Edm.5.8.5\lib\portable-net45+wp8+win8+wpa\ja,Microsoft.Data.Edm.resources.dll,dll,0
D:\projects\Relativity\Git Clone\ASPNET-WebAPI-Sample\packages\Microsoft.Data.Edm.5.8.5\lib\portable-net45+wp8+win8+wpa\ko,Microsoft.Data.Edm.resources.dll,dll,0
D:\projects\Relativity\Git Clone\ASPNET-WebAPI-Sample\packages\Microsoft.Data.Edm.5.8.5\lib\portable-net45+wp8+win8+wpa\ru,Microsoft.Data.Edm.resources.dll,dll,0
D:\projects\Relativity\Git Clone\ASPNET-WebAPI-Sample\packages\Microsoft.Data.Edm.5.8.5\lib\portable-net45+wp8+win8+wpa\zh-Hans,Microsoft.Data.Edm.resources.dll,dll,0
D:\projects\Relativity\Git Clone\ASPNET-WebAPI-Sample\packages\Microsoft.Data.Edm.5.8.5\lib\portable-net45+wp8+win8+wpa\zh-Hant,Microsoft.Data.Edm.resources.dll,dll,0
D:\projects\Relativity\Git Clone\ASPNET-WebAPI-Sample\packages\Microsoft.Data.Edm.5.8.5\lib\sl4,Microsoft.Data.Edm.dll,dll,0
D:\projects\Relativity\Git Clone\ASPNET-WebAPI-Sample\packages\Microsoft.Data.Edm.5.8.5\lib\sl4,Microsoft.Data.Edm.xml,xml,11520
D:\projects\Relativity\Git Clone\ASPNET-WebAPI-Sample\packages\Microsoft.Data.Edm.5.8.5\lib\sl4\de,Microsoft.Data.Edm.resources.dll,dll,0
D:\projects\Relativity\Git Clone\ASPNET-WebAPI-Sample\packages\Microsoft.Data.Edm.5.8.5\lib\sl4\es,Microsoft.Data.Edm.resources.dll,dll,0
D:\projects\Relativity\Git Clone\ASPNET-WebAPI-Sample\packages\Microsoft.Data.Edm.5.8.5\lib\sl4\fr,Microsoft.Data.Edm.resources.dll,dll,0
D:\projects\Relativity\Git Clone\ASPNET-WebAPI-Sample\packages\Microsoft.Data.Edm.5.8.5\lib\sl4\it,Microsoft.Data.Edm.resources.dll,dll,0
D:\projects\Relativity\Git Clone\ASPNET-WebAPI-Sample\packages\Microsoft.Data.Edm.5.8.5\lib\sl4\ja,Microsoft.Data.Edm.resources.dll,dll,0
D:\projects\Relativity\Git Clone\ASPNET-WebAPI-Sample\packages\Microsoft.Data.Edm.5.8.5\lib\sl4\ko,Microsoft.Data.Edm.resources.dll,dll,0
D:\projects\Relativity\Git Clone\ASPNET-WebAPI-Sample\packages\Microsoft.Data.Edm.5.8.5\lib\sl4\ru,Microsoft.Data.Edm.resources.dll,dll,0
D:\projects\Relativity\Git Clone\ASPNET-WebAPI-Sample\packages\Microsoft.Data.Edm.5.8.5\lib\sl4\zh-Hans,Microsoft.Data.Edm.resources.dll,dll,0
D:\projects\Relativity\Git Clone\ASPNET-WebAPI-Sample\packages\Microsoft.Data.Edm.5.8.5\lib\sl4\zh-Hant,Microsoft.Data.Edm.resources.dll,dll,0
D:\projects\Relativity\Git Clone\ASPNET-WebAPI-Sample\packages\Microsoft.Data.OData.5.8.5,.signature.p7s,p7s,0
D:\projects\Relativity\Git Clone\ASPNET-WebAPI-Sample\packages\Microsoft.Data.OData.5.8.5,Microsoft.Data.OData.5.8.5.nupkg,nupkg,0
D:\projects\Relativity\Git Clone\ASPNET-WebAPI-Sample\packages\Microsoft.Data.OData.5.8.5\lib\net40,Microsoft.Data.OData.dll,dll,0
D:\projects\Relativity\Git Clone\ASPNET-WebAPI-Sample\packages\Microsoft.Data.OData.5.8.5\lib\net40,Microsoft.Data.OData.xml,xml,55823
D:\projects\Relativity\Git Clone\ASPNET-WebAPI-Sample\packages\Microsoft.Data.OData.5.8.5\lib\net40\de,Microsoft.Data.OData.resources.dll,dll,0
D:\projects\Relativity\Git Clone\ASPNET-WebAPI-Sample\packages\Microsoft.Data.OData.5.8.5\lib\net40\es,Microsoft.Data.OData.resources.dll,dll,0
D:\projects\Relativity\Git Clone\ASPNET-WebAPI-Sample\packages\Microsoft.Data.OData.5.8.5\lib\net40\fr,Microsoft.Data.OData.resources.dll,dll,0
D:\projects\Relativity\Git Clone\ASPNET-WebAPI-Sample\packages\Microsoft.Data.OData.5.8.5\lib\net40\it,Microsoft.Data.OData.resources.dll,dll,0
D:\projects\Relativity\Git Clone\ASPNET-WebAPI-Sample\packages\Microsoft.Data.OData.5.8.5\lib\net40\ja,Microsoft.Data.OData.resources.dll,dll,0
D:\projects\Relativity\Git Clone\ASPNET-WebAPI-Sample\packages\Microsoft.Data.OData.5.8.5\lib\net40\ko,Microsoft.Data.OData.resources.dll,dll,0
D:\projects\Relativity\Git Clone\ASPNET-WebAPI-Sample\packages\Microsoft.Data.OData.5.8.5\lib\net40\ru,Microsoft.Data.OData.resources.dll,dll,0
D:\projects\Relativity\Git Clone\ASPNET-WebAPI-Sample\packages\Microsoft.Data.OData.5.8.5\lib\net40\zh-Hans,Microsoft.Data.OData.resources.dll,dll,0
D:\projects\Relativity\Git Clone\ASPNET-WebAPI-Sample\packages\Microsoft.Data.OData.5.8.5\lib\net40\zh-Hant,Microsoft.Data.OData.resources.dll,dll,0
D:\projects\Relativity\Git Clone\ASPNET-WebAPI-Sample\packages\Microsoft.Data.OData.5.8.5\lib\netstandard1.1,Microsoft.Data.OData.dll,dll,0
D:\projects\Relativity\Git Clone\ASPNET-WebAPI-Sample\packages\Microsoft.Data.OData.5.8.5\lib\netstandard1.1,Microsoft.Data.OData.xml,xml,56024
D:\projects\Relativity\Git Clone\ASPNET-WebAPI-Sample\packages\Microsoft.Data.OData.5.8.5\lib\netstandard1.1\de,Microsoft.Data.OData.resources.dll,dll,0
D:\projects\Relativity\Git Clone\ASPNET-WebAPI-Sample\packages\Microsoft.Data.OData.5.8.5\lib\netstandard1.1\es,Microsoft.Data.OData.resources.dll,dll,0
D:\projects\Relativity\Git Clone\ASPNET-WebAPI-Sample\packages\Microsoft.Data.OData.5.8.5\lib\netstandard1.1\fr,Microsoft.Data.OData.resources.dll,dll,0
D:\projects\Relativity\Git Clone\ASPNET-WebAPI-Sample\packages\Microsoft.Data.OData.5.8.5\lib\netstandard1.1\it,Microsoft.Data.OData.resources.dll,dll,0
D:\projects\Relativity\Git Clone\ASPNET-WebAPI-Sample\packages\Microsoft.Data.OData.5.8.5\lib\netstandard1.1\ja,Microsoft.Data.OData.resources.dll,dll,0
D:\projects\Relativity\Git Clone\ASPNET-WebAPI-Sample\packages\Microsoft.Data.OData.5.8.5\lib\netstandard1.1\ko,Microsoft.Data.OData.resources.dll,dll,0
D:\projects\Relativity\Git Clone\ASPNET-WebAPI-Sample\packages\Microsoft.Data.OData.5.8.5\lib\netstandard1.1\ru,Microsoft.Data.OData.resources.dll,dll,0
D:\projects\Relativity\Git Clone\ASPNET-WebAPI-Sample\packages\Microsoft.Data.OData.5.8.5\lib\netstandard1.1\zh-Hans,Microsoft.Data.OData.resources.dll,dll,0
D:\projects\Relativity\Git Clone\ASPNET-WebAPI-Sample\packages\Microsoft.Data.OData.5.8.5\lib\netstandard1.1\zh-Hant,Microsoft.Data.OData.resources.dll,dll,0
D:\projects\Relativity\Git Clone\ASPNET-WebAPI-Sample\packages\Microsoft.Data.OData.5.8.5\lib\portable-net40+sl5+wp8+win8+wpa,Microsoft.Data.OData.dll,dll,0
D:\projects\Relativity\Git Clone\ASPNET-WebAPI-Sample\packages\Microsoft.Data.OData.5.8.5\lib\portable-net40+sl5+wp8+win8+wpa,Microsoft.Data.OData.xml,xml,55760
D:\projects\Relativity\Git Clone\ASPNET-WebAPI-Sample\packages\Microsoft.Data.OData.5.8.5\lib\portable-net40+sl5+wp8+win8+wpa\de,Microsoft.Data.OData.resources.dll,dll,0
D:\projects\Relativity\Git Clone\ASPNET-WebAPI-Sample\packages\Microsoft.Data.OData.5.8.5\lib\portable-net40+sl5+wp8+win8+wpa\es,Microsoft.Data.OData.resources.dll,dll,0
D:\projects\Relativity\Git Clone\ASPNET-WebAPI-Sample\packages\Microsoft.Data.OData.5.8.5\lib\portable-net40+sl5+wp8+win8+wpa\fr,Microsoft.Data.OData.resources.dll,dll,0
D:\projects\Relativity\Git Clone\ASPNET-WebAPI-Sample\packages\Microsoft.Data.OData.5.8.5\lib\portable-net40+sl5+wp8+win8+wpa\it,Microsoft.Data.OData.resources.dll,dll,0
D:\projects\Relativity\Git Clone\ASPNET-WebAPI-Sample\packages\Microsoft.Data.OData.5.8.5\lib\portable-net40+sl5+wp8+win8+wpa\ja,Microsoft.Data.OData.resources.dll,dll,0
D:\projects\Relativity\Git Clone\ASPNET-WebAPI-Sample\packages\Microsoft.Data.OData.5.8.5\lib\portable-net40+sl5+wp8+win8+wpa\ko,Microsoft.Data.OData.resources.dll,dll,0
D:\projects\Relativity\Git Clone\ASPNET-WebAPI-Sample\packages\Microsoft.Data.OData.5.8.5\lib\portable-net40+sl5+wp8+win8+wpa\ru,Microsoft.Data.OData.resources.dll,dll,0
D:\projects\Relativity\Git Clone\ASPNET-WebAPI-Sample\packages\Microsoft.Data.OData.5.8.5\lib\portable-net40+sl5+wp8+win8+wpa\zh-Hans,Microsoft.Data.OData.resources.dll,dll,0
D:\projects\Relativity\Git Clone\ASPNET-WebAPI-Sample\packages\Microsoft.Data.OData.5.8.5\lib\portable-net40+sl5+wp8+win8+wpa\zh-Hant,Microsoft.Data.OData.resources.dll,dll,0
D:\projects\Relativity\Git Clone\ASPNET-WebAPI-Sample\packages\Microsoft.Data.OData.5.8.5\lib\portable-net45+wp8+win8+wpa,Microsoft.Data.OData.dll,dll,0
D:\projects\Relativity\Git Clone\ASPNET-WebAPI-Sample\packages\Microsoft.Data.OData.5.8.5\lib\portable-net45+wp8+win8+wpa,Microsoft.Data.OData.xml,xml,56024
D:\projects\Relativity\Git Clone\ASPNET-WebAPI-Sample\packages\Microsoft.Data.OData.5.8.5\lib\portable-net45+wp8+win8+wpa\de,Microsoft.Data.OData.resources.dll,dll,0
D:\projects\Relativity\Git Clone\ASPNET-WebAPI-Sample\packages\Microsoft.Data.OData.5.8.5\lib\portable-net45+wp8+win8+wpa\es,Microsoft.Data.OData.resources.dll,dll,0
D:\projects\Relativity\Git Clone\ASPNET-WebAPI-Sample\packages\Microsoft.Data.OData.5.8.5\lib\portable-net45+wp8+win8+wpa\fr,Microsoft.Data.OData.resources.dll,dll,0
D:\projects\Relativity\Git Clone\ASPNET-WebAPI-Sample\packages\Microsoft.Data.OData.5.8.5\lib\portable-net45+wp8+win8+wpa\it,Microsoft.Data.OData.resources.dll,dll,0
D:\projects\Relativity\Git Clone\ASPNET-WebAPI-Sample\packages\Microsoft.Data.OData.5.8.5\lib\portable-net45+wp8+win8+wpa\ja,Microsoft.Data.OData.resources.dll,dll,0
D:\projects\Relativity\Git Clone\ASPNET-WebAPI-Sample\packages\Microsoft.Data.OData.5.8.5\lib\portable-net45+wp8+win8+wpa\ko,Microsoft.Data.OData.resources.dll,dll,0
D:\projects\Relativity\Git Clone\ASPNET-WebAPI-Sample\packages\Microsoft.Data.OData.5.8.5\lib\portable-net45+wp8+win8+wpa\ru,Microsoft.Data.OData.resources.dll,dll,0
D:\projects\Relativity\Git Clone\ASPNET-WebAPI-Sample\packages\Microsoft.Data.OData.5.8.5\lib\portable-net45+wp8+win8+wpa\zh-Hans,Microsoft.Data.OData.resources.dll,dll,0
D:\projects\Relativity\Git Clone\ASPNET-WebAPI-Sample\packages\Microsoft.Data.OData.5.8.5\lib\portable-net45+wp8+win8+wpa\zh-Hant,Microsoft.Data.OData.resources.dll,dll,0
D:\projects\Relativity\Git Clone\ASPNET-WebAPI-Sample\packages\Microsoft.Data.OData.5.8.5\lib\sl4,Microsoft.Data.OData.dll,dll,0
D:\projects\Relativity\Git Clone\ASPNET-WebAPI-Sample\packages\Microsoft.Data.OData.5.8.5\lib\sl4,Microsoft.Data.OData.xml,xml,53030
D:\projects\Relativity\Git Clone\ASPNET-WebAPI-Sample\packages\Microsoft.Data.OData.5.8.5\lib\sl4\de,Microsoft.Data.OData.resources.dll,dll,0
D:\projects\Relativity\Git Clone\ASPNET-WebAPI-Sample\packages\Microsoft.Data.OData.5.8.5\lib\sl4\es,Microsoft.Data.OData.resources.dll,dll,0
D:\projects\Relativity\Git Clone\ASPNET-WebAPI-Sample\packages\Microsoft.Data.OData.5.8.5\lib\sl4\fr,Microsoft.Data.OData.resources.dll,dll,0
D:\projects\Relativity\Git Clone\ASPNET-WebAPI-Sample\packages\Microsoft.Data.OData.5.8.5\lib\sl4\it,Microsoft.Data.OData.resources.dll,dll,0
D:\projects\Relativity\Git Clone\ASPNET-WebAPI-Sample\packages\Microsoft.Data.OData.5.8.5\lib\sl4\ja,Microsoft.Data.OData.resources.dll,dll,0
D:\projects\Relativity\Git Clone\ASPNET-WebAPI-Sample\packages\Microsoft.Data.OData.5.8.5\lib\sl4\ko,Microsoft.Data.OData.resources.dll,dll,0
D:\projects\Relativity\Git Clone\ASPNET-WebAPI-Sample\packages\Microsoft.Data.OData.5.8.5\lib\sl4\ru,Microsoft.Data.OData.resources.dll,dll,0
D:\projects\Relativity\Git Clone\ASPNET-WebAPI-Sample\packages\Microsoft.Data.OData.5.8.5\lib\sl4\zh-Hans,Microsoft.Data.OData.resources.dll,dll,0
D:\projects\Relativity\Git Clone\ASPNET-WebAPI-Sample\packages\Microsoft.Data.OData.5.8.5\lib\sl4\zh-Hant,Microsoft.Data.OData.resources.dll,dll,0
D:\projects\Relativity\Git Clone\ASPNET-WebAPI-Sample\packages\Microsoft.Owin.4.2.2,.signature.p7s,p7s,0
D:\projects\Relativity\Git Clone\ASPNET-WebAPI-Sample\packages\Microsoft.Owin.4.2.2,Icon.png,png,0
D:\projects\Relativity\Git Clone\ASPNET-WebAPI-Sample\packages\Microsoft.Owin.4.2.2,Microsoft.Owin.4.2.2.nupkg,nupkg,0
D:\projects\Relativity\Git Clone\ASPNET-WebAPI-Sample\packages\Microsoft.Owin.4.2.2\lib\net45,Microsoft.Owin.dll,dll,0
D:\projects\Relativity\Git Clone\ASPNET-WebAPI-Sample\packages\Microsoft.Owin.4.2.2\lib\net45,Microsoft.Owin.xml,xml,3316
D:\projects\Relativity\Git Clone\ASPNET-WebAPI-Sample\packages\Microsoft.Owin.Host.SystemWeb.4.2.2,.signature.p7s,p7s,0
D:\projects\Relativity\Git Clone\ASPNET-WebAPI-Sample\packages\Microsoft.Owin.Host.SystemWeb.4.2.2,Icon.png,png,0
D:\projects\Relativity\Git Clone\ASPNET-WebAPI-Sample\packages\Microsoft.Owin.Host.SystemWeb.4.2.2,Microsoft.Owin.Host.SystemWeb.4.2.2.nupkg,nupkg,0
D:\projects\Relativity\Git Clone\ASPNET-WebAPI-Sample\packages\Microsoft.Owin.Host.SystemWeb.4.2.2\lib\net45,Microsoft.Owin.Host.SystemWeb.dll,dll,0
D:\projects\Relativity\Git Clone\ASPNET-WebAPI-Sample\packages\Microsoft.Owin.Host.SystemWeb.4.2.2\lib\net45,Microsoft.Owin.Host.SystemWeb.xml,xml,639
D:\projects\Relativity\Git Clone\ASPNET-WebAPI-Sample\packages\Newtonsoft.Json.13.0.2,.signature.p7s,p7s,0
D:\projects\Relativity\Git Clone\ASPNET-WebAPI-Sample\packages\Newtonsoft.Json.13.0.2,LICENSE.md,md,0
D:\projects\Relativity\Git Clone\ASPNET-WebAPI-Sample\packages\Newtonsoft.Json.13.0.2,Newtonsoft.Json.13.0.2.nupkg,nupkg,0
D:\projects\Relativity\Git Clone\ASPNET-WebAPI-Sample\packages\Newtonsoft.Json.13.0.2,packageIcon.png,png,0
D:\projects\Relativity\Git Clone\ASPNET-WebAPI-Sample\packages\Newtonsoft.Json.13.0.2,README.md,md,0
D:\projects\Relativity\Git Clone\ASPNET-WebAPI-Sample\packages\Newtonsoft.Json.13.0.2\lib\net20,Newtonsoft.Json.dll,dll,0
D:\projects\Relativity\Git Clone\ASPNET-WebAPI-Sample\packages\Newtonsoft.Json.13.0.2\lib\net20,Newtonsoft.Json.xml,xml,10393
D:\projects\Relativity\Git Clone\ASPNET-WebAPI-Sample\packages\Newtonsoft.Json.13.0.2\lib\net35,Newtonsoft.Json.dll,dll,0
D:\projects\Relativity\Git Clone\ASPNET-WebAPI-Sample\packages\Newtonsoft.Json.13.0.2\lib\net35,Newtonsoft.Json.xml,xml,9541
D:\projects\Relativity\Git Clone\ASPNET-WebAPI-Sample\packages\Newtonsoft.Json.13.0.2\lib\net40,Newtonsoft.Json.dll,dll,0
D:\projects\Relativity\Git Clone\ASPNET-WebAPI-Sample\packages\Newtonsoft.Json.13.0.2\lib\net40,Newtonsoft.Json.xml,xml,9741
D:\projects\Relativity\Git Clone\ASPNET-WebAPI-Sample\packages\Newtonsoft.Json.13.0.2\lib\net45,Newtonsoft.Json.dll,dll,0
D:\projects\Relativity\Git Clone\ASPNET-WebAPI-Sample\packages\Newtonsoft.Json.13.0.2\lib\net45,Newtonsoft.Json.xml,xml,11363
D:\projects\Relativity\Git Clone\ASPNET-WebAPI-Sample\packages\Newtonsoft.Json.13.0.2\lib\net6.0,Newtonsoft.Json.dll,dll,0
D:\projects\Relativity\Git Clone\ASPNET-WebAPI-Sample\packages\Newtonsoft.Json.13.0.2\lib\net6.0,Newtonsoft.Json.xml,xml,11325
D:\projects\Relativity\Git Clone\ASPNET-WebAPI-Sample\packages\Newtonsoft.Json.13.0.2\lib\netstandard1.0,Newtonsoft.Json.dll,dll,0
D:\projects\Relativity\Git Clone\ASPNET-WebAPI-Sample\packages\Newtonsoft.Json.13.0.2\lib\netstandard1.0,Newtonsoft.Json.xml,xml,11051
D:\projects\Relativity\Git Clone\ASPNET-WebAPI-Sample\packages\Newtonsoft.Json.13.0.2\lib\netstandard1.3,Newtonsoft.Json.dll,dll,0
D:\projects\Relativity\Git Clone\ASPNET-WebAPI-Sample\packages\Newtonsoft.Json.13.0.2\lib\netstandard1.3,Newtonsoft.Json.xml,xml,11173
D:\projects\Relativity\Git Clone\ASPNET-WebAPI-Sample\packages\Newtonsoft.Json.13.0.2\lib\netstandard2.0,Newtonsoft.Json.dll,dll,0
D:\projects\Relativity\Git Clone\ASPNET-WebAPI-Sample\packages\Newtonsoft.Json.13.0.2\lib\netstandard2.0,Newtonsoft.Json.xml,xml,11338
D:\projects\Relativity\Git Clone\ASPNET-WebAPI-Sample\packages\Ninject.3.3.6,.signature.p7s,p7s,0
D:\projects\Relativity\Git Clone\ASPNET-WebAPI-Sample\packages\Ninject.3.3.6,Ninject.3.3.6.nupkg,nupkg,0
D:\projects\Relativity\Git Clone\ASPNET-WebAPI-Sample\packages\Ninject.3.3.6\lib\net45,Ninject.dll,dll,0
D:\projects\Relativity\Git Clone\ASPNET-WebAPI-Sample\packages\Ninject.3.3.6\lib\net45,Ninject.xml,xml,6802
D:\projects\Relativity\Git Clone\ASPNET-WebAPI-Sample\packages\Ninject.3.3.6\lib\netstandard2.0,Ninject.dll,dll,0
D:\projects\Relativity\Git Clone\ASPNET-WebAPI-Sample\packages\Ninject.3.3.6\lib\netstandard2.0,Ninject.xml,xml,6796
D:\projects\Relativity\Git Clone\ASPNET-WebAPI-Sample\packages\Ninject.Web.Common.3.3.2,.signature.p7s,p7s,0
D:\projects\Relativity\Git Clone\ASPNET-WebAPI-Sample\packages\Ninject.Web.Common.3.3.2,Ninject.Web.Common.3.3.2.nupkg,nupkg,0
D:\projects\Relativity\Git Clone\ASPNET-WebAPI-Sample\packages\Ninject.Web.Common.3.3.2\lib\net45,Ninject.Web.Common.dll,dll,0
D:\projects\Relativity\Git Clone\ASPNET-WebAPI-Sample\packages\Ninject.Web.Common.3.3.2\lib\net45,Ninject.Web.Common.xml,xml,92
D:\projects\Relativity\Git Clone\ASPNET-WebAPI-Sample\packages\Ninject.Web.Common.3.3.2\lib\netstandard2.0,Ninject.Web.Common.dll,dll,0
D:\projects\Relativity\Git Clone\ASPNET-WebAPI-Sample\packages\Ninject.Web.Common.3.3.2\lib\netstandard2.0,Ninject.Web.Common.xml,xml,92
D:\projects\Relativity\Git Clone\ASPNET-WebAPI-Sample\packages\Owin.1.0,.signature.p7s,p7s,0
D:\projects\Relativity\Git Clone\ASPNET-WebAPI-Sample\packages\Owin.1.0,Owin.1.0.nupkg,nupkg,0
D:\projects\Relativity\Git Clone\ASPNET-WebAPI-Sample\packages\Owin.1.0\lib\net40,Owin.dll,dll,0
D:\projects\Relativity\Git Clone\ASPNET-WebAPI-Sample\packages\System.Spatial.5.8.5,.signature.p7s,p7s,0
D:\projects\Relativity\Git Clone\ASPNET-WebAPI-Sample\packages\System.Spatial.5.8.5,System.Spatial.5.8.5.nupkg,nupkg,0
D:\projects\Relativity\Git Clone\ASPNET-WebAPI-Sample\packages\System.Spatial.5.8.5\lib\net40,System.Spatial.dll,dll,0
D:\projects\Relativity\Git Clone\ASPNET-WebAPI-Sample\packages\System.Spatial.5.8.5\lib\net40,System.Spatial.xml,xml,6950
D:\projects\Relativity\Git Clone\ASPNET-WebAPI-Sample\packages\System.Spatial.5.8.5\lib\net40\de,System.Spatial.resources.dll,dll,0
D:\projects\Relativity\Git Clone\ASPNET-WebAPI-Sample\packages\System.Spatial.5.8.5\lib\net40\es,System.Spatial.resources.dll,dll,0
D:\projects\Relativity\Git Clone\ASPNET-WebAPI-Sample\packages\System.Spatial.5.8.5\lib\net40\fr,System.Spatial.resources.dll,dll,0
D:\projects\Relativity\Git Clone\ASPNET-WebAPI-Sample\packages\System.Spatial.5.8.5\lib\net40\it,System.Spatial.resources.dll,dll,0
D:\projects\Relativity\Git Clone\ASPNET-WebAPI-Sample\packages\System.Spatial.5.8.5\lib\net40\ja,System.Spatial.resources.dll,dll,0
D:\projects\Relativity\Git Clone\ASPNET-WebAPI-Sample\packages\System.Spatial.5.8.5\lib\net40\ko,System.Spatial.resources.dll,dll,0
D:\projects\Relativity\Git Clone\ASPNET-WebAPI-Sample\packages\System.Spatial.5.8.5\lib\net40\ru,System.Spatial.resources.dll,dll,0
D:\projects\Relativity\Git Clone\ASPNET-WebAPI-Sample\packages\System.Spatial.5.8.5\lib\net40\zh-Hans,System.Spatial.resources.dll,dll,0
D:\projects\Relativity\Git Clone\ASPNET-WebAPI-Sample\packages\System.Spatial.5.8.5\lib\net40\zh-Hant,System.Spatial.resources.dll,dll,0
D:\projects\Relativity\Git Clone\ASPNET-WebAPI-Sample\packages\System.Spatial.5.8.5\lib\netstandard1.1,System.Spatial.dll,dll,0
D:\projects\Relativity\Git Clone\ASPNET-WebAPI-Sample\packages\System.Spatial.5.8.5\lib\netstandard1.1,System.Spatial.xml,xml,7260
D:\projects\Relativity\Git Clone\ASPNET-WebAPI-Sample\packages\System.Spatial.5.8.5\lib\netstandard1.1\de,System.Spatial.resources.dll,dll,0
D:\projects\Relativity\Git Clone\ASPNET-WebAPI-Sample\packages\System.Spatial.5.8.5\lib\netstandard1.1\es,System.Spatial.resources.dll,dll,0
D:\projects\Relativity\Git Clone\ASPNET-WebAPI-Sample\packages\System.Spatial.5.8.5\lib\netstandard1.1\fr,System.Spatial.resources.dll,dll,0
D:\projects\Relativity\Git Clone\ASPNET-WebAPI-Sample\packages\System.Spatial.5.8.5\lib\netstandard1.1\it,System.Spatial.resources.dll,dll,0
D:\projects\Relativity\Git Clone\ASPNET-WebAPI-Sample\packages\System.Spatial.5.8.5\lib\netstandard1.1\ja,System.Spatial.resources.dll,dll,0
D:\projects\Relativity\Git Clone\ASPNET-WebAPI-Sample\packages\System.Spatial.5.8.5\lib\netstandard1.1\ko,System.Spatial.resources.dll,dll,0
D:\projects\Relativity\Git Clone\ASPNET-WebAPI-Sample\packages\System.Spatial.5.8.5\lib\netstandard1.1\ru,System.Spatial.resources.dll,dll,0
D:\projects\Relativity\Git Clone\ASPNET-WebAPI-Sample\packages\System.Spatial.5.8.5\lib\netstandard1.1\zh-Hans,System.Spatial.resources.dll,dll,0
D:\projects\Relativity\Git Clone\ASPNET-WebAPI-Sample\packages\System.Spatial.5.8.5\lib\netstandard1.1\zh-Hant,System.Spatial.resources.dll,dll,0
D:\projects\Relativity\Git Clone\ASPNET-WebAPI-Sample\packages\System.Spatial.5.8.5\lib\portable-net40+sl5+wp8+win8+wpa,System.Spatial.dll,dll,0
D:\projects\Relativity\Git Clone\ASPNET-WebAPI-Sample\packages\System.Spatial.5.8.5\lib\portable-net40+sl5+wp8+win8+wpa,System.Spatial.xml,xml,6924
D:\projects\Relativity\Git Clone\ASPNET-WebAPI-Sample\packages\System.Spatial.5.8.5\lib\portable-net40+sl5+wp8+win8+wpa\de,System.Spatial.resources.dll,dll,0
D:\projects\Relativity\Git Clone\ASPNET-WebAPI-Sample\packages\System.Spatial.5.8.5\lib\portable-net40+sl5+wp8+win8+wpa\es,System.Spatial.resources.dll,dll,0
D:\projects\Relativity\Git Clone\ASPNET-WebAPI-Sample\packages\System.Spatial.5.8.5\lib\portable-net40+sl5+wp8+win8+wpa\fr,System.Spatial.resources.dll,dll,0
D:\projects\Relativity\Git Clone\ASPNET-WebAPI-Sample\packages\System.Spatial.5.8.5\lib\portable-net40+sl5+wp8+win8+wpa\it,System.Spatial.resources.dll,dll,0
D:\projects\Relativity\Git Clone\ASPNET-WebAPI-Sample\packages\System.Spatial.5.8.5\lib\portable-net40+sl5+wp8+win8+wpa\ja,System.Spatial.resources.dll,dll,0
D:\projects\Relativity\Git Clone\ASPNET-WebAPI-Sample\packages\System.Spatial.5.8.5\lib\portable-net40+sl5+wp8+win8+wpa\ko,System.Spatial.resources.dll,dll,0
D:\projects\Relativity\Git Clone\ASPNET-WebAPI-Sample\packages\System.Spatial.5.8.5\lib\portable-net40+sl5+wp8+win8+wpa\ru,System.Spatial.resources.dll,dll,0
D:\projects\Relativity\Git Clone\ASPNET-WebAPI-Sample\packages\System.Spatial.5.8.5\lib\portable-net40+sl5+wp8+win8+wpa\zh-Hans,System.Spatial.resources.dll,dll,0
D:\projects\Relativity\Git Clone\ASPNET-WebAPI-Sample\packages\System.Spatial.5.8.5\lib\portable-net40+sl5+wp8+win8+wpa\zh-Hant,System.Spatial.resources.dll,dll,0
D:\projects\Relativity\Git Clone\ASPNET-WebAPI-Sample\packages\System.Spatial.5.8.5\lib\portable-net45+wp8+win8+wpa,System.Spatial.dll,dll,0
D:\projects\Relativity\Git Clone\ASPNET-WebAPI-Sample\packages\System.Spatial.5.8.5\lib\portable-net45+wp8+win8+wpa,System.Spatial.xml,xml,7260
D:\projects\Relativity\Git Clone\ASPNET-WebAPI-Sample\packages\System.Spatial.5.8.5\lib\portable-net45+wp8+win8+wpa\de,System.Spatial.resources.dll,dll,0
D:\projects\Relativity\Git Clone\ASPNET-WebAPI-Sample\packages\System.Spatial.5.8.5\lib\portable-net45+wp8+win8+wpa\es,System.Spatial.resources.dll,dll,0
D:\projects\Relativity\Git Clone\ASPNET-WebAPI-Sample\packages\System.Spatial.5.8.5\lib\portable-net45+wp8+win8+wpa\fr,System.Spatial.resources.dll,dll,0
D:\projects\Relativity\Git Clone\ASPNET-WebAPI-Sample\packages\System.Spatial.5.8.5\lib\portable-net45+wp8+win8+wpa\it,System.Spatial.resources.dll,dll,0
D:\projects\Relativity\Git Clone\ASPNET-WebAPI-Sample\packages\System.Spatial.5.8.5\lib\portable-net45+wp8+win8+wpa\ja,System.Spatial.resources.dll,dll,0
D:\projects\Relativity\Git Clone\ASPNET-WebAPI-Sample\packages\System.Spatial.5.8.5\lib\portable-net45+wp8+win8+wpa\ko,System.Spatial.resources.dll,dll,0
D:\projects\Relativity\Git Clone\ASPNET-WebAPI-Sample\packages\System.Spatial.5.8.5\lib\portable-net45+wp8+win8+wpa\ru,System.Spatial.resources.dll,dll,0
D:\projects\Relativity\Git Clone\ASPNET-WebAPI-Sample\packages\System.Spatial.5.8.5\lib\portable-net45+wp8+win8+wpa\zh-Hans,System.Spatial.resources.dll,dll,0
D:\projects\Relativity\Git Clone\ASPNET-WebAPI-Sample\packages\System.Spatial.5.8.5\lib\portable-net45+wp8+win8+wpa\zh-Hant,System.Spatial.resources.dll,dll,0
D:\projects\Relativity\Git Clone\ASPNET-WebAPI-Sample\packages\System.Spatial.5.8.5\lib\sl4,System.Spatial.dll,dll,0
D:\projects\Relativity\Git Clone\ASPNET-WebAPI-Sample\packages\System.Spatial.5.8.5\lib\sl4,System.Spatial.xml,xml,6941
D:\projects\Relativity\Git Clone\ASPNET-WebAPI-Sample\packages\System.Spatial.5.8.5\lib\sl4\de,System.Spatial.resources.dll,dll,0
D:\projects\Relativity\Git Clone\ASPNET-WebAPI-Sample\packages\System.Spatial.5.8.5\lib\sl4\es,System.Spatial.resources.dll,dll,0
D:\projects\Relativity\Git Clone\ASPNET-WebAPI-Sample\packages\System.Spatial.5.8.5\lib\sl4\fr,System.Spatial.resources.dll,dll,0
D:\projects\Relativity\Git Clone\ASPNET-WebAPI-Sample\packages\System.Spatial.5.8.5\lib\sl4\it,System.Spatial.resources.dll,dll,0
D:\projects\Relativity\Git Clone\ASPNET-WebAPI-Sample\packages\System.Spatial.5.8.5\lib\sl4\ja,System.Spatial.resources.dll,dll,0
D:\projects\Relativity\Git Clone\ASPNET-WebAPI-Sample\packages\System.Spatial.5.8.5\lib\sl4\ko,System.Spatial.resources.dll,dll,0
D:\projects\Relativity\Git Clone\ASPNET-WebAPI-Sample\packages\System.Spatial.5.8.5\lib\sl4\ru,System.Spatial.resources.dll,dll,0
D:\projects\Relativity\Git Clone\ASPNET-WebAPI-Sample\packages\System.Spatial.5.8.5\lib\sl4\zh-Hans,System.Spatial.resources.dll,dll,0
D:\projects\Relativity\Git Clone\ASPNET-WebAPI-Sample\packages\System.Spatial.5.8.5\lib\sl4\zh-Hant,System.Spatial.resources.dll,dll,0
D:\projects\Relativity\Git Clone\ASPNET-WebAPI-Sample\packages\WebApiContrib.IoC.Ninject.0.9.3.0,.signature.p7s,p7s,0
D:\projects\Relativity\Git Clone\ASPNET-WebAPI-Sample\packages\WebApiContrib.IoC.Ninject.0.9.3.0,WebApiContrib.IoC.Ninject.0.9.3.0.nupkg,nupkg,0
D:\projects\Relativity\Git Clone\ASPNET-WebAPI-Sample\packages\WebApiContrib.IoC.Ninject.0.9.3.0\lib\net40,WebApiContrib.IoC.Ninject.dll,dll,0
D:\projects\Relativity\Git Clone\ASPNET-WebAPI-Sample\report,depf.csv,csv,0
D:\projects\Relativity\Git Clone\ASPNET-WebAPI-Sample\SampleWebApi,packages.config,config,19
D:\projects\Relativity\Git Clone\ASPNET-WebAPI-Sample\SampleWebApi,SampleWebApi.csproj,csproj,163
D:\projects\Relativity\Git Clone\ASPNET-WebAPI-Sample\SampleWebApi,SampleWebApi.csproj.user,user,0
D:\projects\Relativity\Git Clone\ASPNET-WebAPI-Sample\SampleWebApi,Startup.cs,cs,33
D:\projects\Relativity\Git Clone\ASPNET-WebAPI-Sample\SampleWebApi,Web.config,config,63
D:\projects\Relativity\Git Clone\ASPNET-WebAPI-Sample\SampleWebApi,Web.Debug.config,config,30
D:\projects\Relativity\Git Clone\ASPNET-WebAPI-Sample\SampleWebApi,Web.Release.config,config,31
D:\projects\Relativity\Git Clone\ASPNET-WebAPI-Sample\SampleWebApi\bin,Microsoft.Data.Edm.dll,dll,0
D:\projects\Relativity\Git Clone\ASPNET-WebAPI-Sample\SampleWebApi\bin,Microsoft.Data.Edm.xml,xml,11534
D:\projects\Relativity\Git Clone\ASPNET-WebAPI-Sample\SampleWebApi\bin,Microsoft.Data.OData.dll,dll,0
D:\projects\Relativity\Git Clone\ASPNET-WebAPI-Sample\SampleWebApi\bin,Microsoft.Data.OData.xml,xml,55823
D:\projects\Relativity\Git Clone\ASPNET-WebAPI-Sample\SampleWebApi\bin,Microsoft.Owin.dll,dll,0
D:\projects\Relativity\Git Clone\ASPNET-WebAPI-Sample\SampleWebApi\bin,Microsoft.Owin.Host.SystemWeb.dll,dll,0
D:\projects\Relativity\Git Clone\ASPNET-WebAPI-Sample\SampleWebApi\bin,Microsoft.Owin.Host.SystemWeb.xml,xml,639
D:\projects\Relativity\Git Clone\ASPNET-WebAPI-Sample\SampleWebApi\bin,Microsoft.Owin.xml,xml,3316
D:\projects\Relativity\Git Clone\ASPNET-WebAPI-Sample\SampleWebApi\bin,Newtonsoft.Json.dll,dll,0
D:\projects\Relativity\Git Clone\ASPNET-WebAPI-Sample\SampleWebApi\bin,Newtonsoft.Json.xml,xml,11363
D:\projects\Relativity\Git Clone\ASPNET-WebAPI-Sample\SampleWebApi\bin,Ninject.dll,dll,0
D:\projects\Relativity\Git Clone\ASPNET-WebAPI-Sample\SampleWebApi\bin,Ninject.Web.Common.dll,dll,0
D:\projects\Relativity\Git Clone\ASPNET-WebAPI-Sample\SampleWebApi\bin,Ninject.Web.Common.xml,xml,92
D:\projects\Relativity\Git Clone\ASPNET-WebAPI-Sample\SampleWebApi\bin,Ninject.xml,xml,6802
D:\projects\Relativity\Git Clone\ASPNET-WebAPI-Sample\SampleWebApi\bin,Owin.dll,dll,0
D:\projects\Relativity\Git Clone\ASPNET-WebAPI-Sample\SampleWebApi\bin,SampleWebApi.dll,dll,0
D:\projects\Relativity\Git Clone\ASPNET-WebAPI-Sample\SampleWebApi\bin,SampleWebApi.dll.config,config,63
D:\projects\Relativity\Git Clone\ASPNET-WebAPI-Sample\SampleWebApi\bin,SampleWebApi.pdb,pdb,0
D:\projects\Relativity\Git Clone\ASPNET-WebAPI-Sample\SampleWebApi\bin,System.Net.Http.Formatting.dll,dll,0
D:\projects\Relativity\Git Clone\ASPNET-WebAPI-Sample\SampleWebApi\bin,System.Net.Http.Formatting.xml,xml,2094
D:\projects\Relativity\Git Clone\ASPNET-WebAPI-Sample\SampleWebApi\bin,System.Spatial.dll,dll,0
D:\projects\Relativity\Git Clone\ASPNET-WebAPI-Sample\SampleWebApi\bin,System.Spatial.xml,xml,6950
D:\projects\Relativity\Git Clone\ASPNET-WebAPI-Sample\SampleWebApi\bin,System.Web.Http.dll,dll,0
D:\projects\Relativity\Git Clone\ASPNET-WebAPI-Sample\SampleWebApi\bin,System.Web.Http.OData.dll,dll,0
D:\projects\Relativity\Git Clone\ASPNET-WebAPI-Sample\SampleWebApi\bin,System.Web.Http.OData.xml,xml,5023
D:\projects\Relativity\Git Clone\ASPNET-WebAPI-Sample\SampleWebApi\bin,System.Web.Http.Owin.dll,dll,0
D:\projects\Relativity\Git Clone\ASPNET-WebAPI-Sample\SampleWebApi\bin,System.Web.Http.Owin.xml,xml,195
D:\projects\Relativity\Git Clone\ASPNET-WebAPI-Sample\SampleWebApi\bin,System.Web.Http.WebHost.dll,dll,0
D:\projects\Relativity\Git Clone\ASPNET-WebAPI-Sample\SampleWebApi\bin,System.Web.Http.WebHost.xml,xml,135
D:\projects\Relativity\Git Clone\ASPNET-WebAPI-Sample\SampleWebApi\bin,System.Web.Http.xml,xml,6664
D:\projects\Relativity\Git Clone\ASPNET-WebAPI-Sample\SampleWebApi\bin,WebApiContrib.IoC.Ninject.dll,dll,0
D:\projects\Relativity\Git Clone\ASPNET-WebAPI-Sample\SampleWebApi\bin\de,Microsoft.Data.Edm.resources.dll,dll,0
D:\projects\Relativity\Git Clone\ASPNET-WebAPI-Sample\SampleWebApi\bin\de,Microsoft.Data.OData.resources.dll,dll,0
D:\projects\Relativity\Git Clone\ASPNET-WebAPI-Sample\SampleWebApi\bin\de,System.Spatial.resources.dll,dll,0
D:\projects\Relativity\Git Clone\ASPNET-WebAPI-Sample\SampleWebApi\bin\es,Microsoft.Data.Edm.resources.dll,dll,0
D:\projects\Relativity\Git Clone\ASPNET-WebAPI-Sample\SampleWebApi\bin\es,Microsoft.Data.OData.resources.dll,dll,0
D:\projects\Relativity\Git Clone\ASPNET-WebAPI-Sample\SampleWebApi\bin\es,System.Spatial.resources.dll,dll,0
D:\projects\Relativity\Git Clone\ASPNET-WebAPI-Sample\SampleWebApi\bin\fr,Microsoft.Data.Edm.resources.dll,dll,0
D:\projects\Relativity\Git Clone\ASPNET-WebAPI-Sample\SampleWebApi\bin\fr,Microsoft.Data.OData.resources.dll,dll,0
D:\projects\Relativity\Git Clone\ASPNET-WebAPI-Sample\SampleWebApi\bin\fr,System.Spatial.resources.dll,dll,0
D:\projects\Relativity\Git Clone\ASPNET-WebAPI-Sample\SampleWebApi\bin\it,Microsoft.Data.Edm.resources.dll,dll,0
D:\projects\Relativity\Git Clone\ASPNET-WebAPI-Sample\SampleWebApi\bin\it,Microsoft.Data.OData.resources.dll,dll,0
D:\projects\Relativity\Git Clone\ASPNET-WebAPI-Sample\SampleWebApi\bin\it,System.Spatial.resources.dll,dll,0
D:\projects\Relativity\Git Clone\ASPNET-WebAPI-Sample\SampleWebApi\bin\ja,Microsoft.Data.Edm.resources.dll,dll,0
D:\projects\Relativity\Git Clone\ASPNET-WebAPI-Sample\SampleWebApi\bin\ja,Microsoft.Data.OData.resources.dll,dll,0
D:\projects\Relativity\Git Clone\ASPNET-WebAPI-Sample\SampleWebApi\bin\ja,System.Spatial.resources.dll,dll,0
D:\projects\Relativity\Git Clone\ASPNET-WebAPI-Sample\SampleWebApi\bin\ko,Microsoft.Data.Edm.resources.dll,dll,0
D:\projects\Relativity\Git Clone\ASPNET-WebAPI-Sample\SampleWebApi\bin\ko,Microsoft.Data.OData.resources.dll,dll,0
D:\projects\Relativity\Git Clone\ASPNET-WebAPI-Sample\SampleWebApi\bin\ko,System.Spatial.resources.dll,dll,0
D:\projects\Relativity\Git Clone\ASPNET-WebAPI-Sample\SampleWebApi\bin\ru,Microsoft.Data.Edm.resources.dll,dll,0
D:\projects\Relativity\Git Clone\ASPNET-WebAPI-Sample\SampleWebApi\bin\ru,Microsoft.Data.OData.resources.dll,dll,0
D:\projects\Relativity\Git Clone\ASPNET-WebAPI-Sample\SampleWebApi\bin\ru,System.Spatial.resources.dll,dll,0
D:\projects\Relativity\Git Clone\ASPNET-WebAPI-Sample\SampleWebApi\bin\zh-Hans,Microsoft.Data.Edm.resources.dll,dll,0
D:\projects\Relativity\Git Clone\ASPNET-WebAPI-Sample\SampleWebApi\bin\zh-Hans,Microsoft.Data.OData.resources.dll,dll,0
D:\projects\Relativity\Git Clone\ASPNET-WebAPI-Sample\SampleWebApi\bin\zh-Hans,System.Spatial.resources.dll,dll,0
D:\projects\Relativity\Git Clone\ASPNET-WebAPI-Sample\SampleWebApi\bin\zh-Hant,Microsoft.Data.Edm.resources.dll,dll,0
D:\projects\Relativity\Git Clone\ASPNET-WebAPI-Sample\SampleWebApi\bin\zh-Hant,Microsoft.Data.OData.resources.dll,dll,0
D:\projects\Relativity\Git Clone\ASPNET-WebAPI-Sample\SampleWebApi\bin\zh-Hant,System.Spatial.resources.dll,dll,0
D:\projects\Relativity\Git Clone\ASPNET-WebAPI-Sample\SampleWebApi\Controllers,HouseController.cs,cs,89
D:\projects\Relativity\Git Clone\ASPNET-WebAPI-Sample\SampleWebApi\Models,HouseDto.cs,cs,15
D:\projects\Relativity\Git Clone\ASPNET-WebAPI-Sample\SampleWebApi\Models,HouseEntity.cs,cs,11
D:\projects\Relativity\Git Clone\ASPNET-WebAPI-Sample\SampleWebApi\obj\Debug,.NETFramework,Version=v4.8.AssemblyAttributes.cs,cs,3
D:\projects\Relativity\Git Clone\ASPNET-WebAPI-Sample\SampleWebApi\obj\Debug,DesignTimeResolveAssemblyReferencesInput.cache,cache,0
D:\projects\Relativity\Git Clone\ASPNET-WebAPI-Sample\SampleWebApi\obj\Debug,SampleWebApi.csproj.AssemblyReference.cache,cache,0
D:\projects\Relativity\Git Clone\ASPNET-WebAPI-Sample\SampleWebApi\obj\Debug,SampleWebApi.csproj.CopyComplete,CopyComplete,0
D:\projects\Relativity\Git Clone\ASPNET-WebAPI-Sample\SampleWebApi\obj\Debug,SampleWebApi.csproj.CoreCompileInputs.cache,cache,0
D:\projects\Relativity\Git Clone\ASPNET-WebAPI-Sample\SampleWebApi\obj\Debug,SampleWebApi.csproj.FileListAbsolute.txt,txt,63
D:\projects\Relativity\Git Clone\ASPNET-WebAPI-Sample\SampleWebApi\obj\Debug,SampleWebApi.dll,dll,0
D:\projects\Relativity\Git Clone\ASPNET-WebAPI-Sample\SampleWebApi\obj\Debug,SampleWebApi.pdb,pdb,0
D:\projects\Relativity\Git Clone\ASPNET-WebAPI-Sample\SampleWebApi\Properties,AssemblyInfo.cs,cs,15
D:\projects\Relativity\Git Clone\ASPNET-WebAPI-Sample\SampleWebApi\Repositories,HouseRepository.cs,cs,28
D:\projects\Relativity\Git Clone\ASPNET-WebAPI-Sample\SampleWebApi\Repositories,IHouseRepository.cs,cs,9
D:\projects\Relativity\Git Clone\ASPNET-WebAPI-Sample\SampleWebApi\Services,HouseMapper.cs,cs,17
D:\projects\Relativity\Git Clone\ASPNET-WebAPI-Sample\SampleWebApi\Services,IHouseMapper.cs,cs,5
